file_name,label
30018754.mp4,10
303866446.mp4,6
306772421.mp4,6
307240559.mp4,11
308166809.mp4,6
325491436.mp4,1
349118501.mp4,3
358656638.mp4,10
368475257.mp4,11
39320084.mp4,10
40200996.mp4,3
408599503_47_57.mp4,1
408600299_117_127.mp4,1
429736530_10_20.mp4,6
438532167_36_46.mp4,9
502611997.mp4,14
514384290.mp4,1
540348026_28_38.mp4,9
541318264.mp4,0
546648200_30_40.mp4,13
54945826.mp4,9
556382066_145_155.mp4,14
558661802.mp4,3
565820325.mp4,3
567746361.mp4,3
57105294.mp4,10
573436213_128_138.mp4,3
573436213_173_183.mp4,3
576776907.mp4,6
59542068.mp4,7
59914539.mp4,1
615284468_36_46.mp4,1
617926001_33_43.mp4,1
617981682_220_230.mp4,14
623074231_70_80.mp4,1
626014566.mp4,12
626640836_15_25.mp4,13
626654758_145_155.mp4,13
626800897_217_227.mp4,0
631397037_153_163.mp4,9
635644677_101_111.mp4,9
636873741_62_72.mp4,9
637674945.mp4,6
639123480.mp4,7
639250267_220_230.mp4,3
641554605_220_230.mp4,3
641554605_70_80.mp4,3
643955341.mp4,6
6707281.mp4,1
676344603_70_80.mp4,1
676636563_70_80.mp4,3
682933378.mp4,13
688364453.mp4,1
689998346_70_80.mp4,9
693131329_145_155.mp4,0
693550664.mp4,3
695285383_220_230.mp4,9
695523226_70_80.mp4,9
695585839_70_80.mp4,3
695599119_54_64.mp4,9
697317054_67_77.mp4,0
697397329_110_120.mp4,1
697397329_52_62.mp4,6
698099499_9_19.mp4,13
699578156_70_80.mp4,0
706755641.mp4,0
712154763.mp4,6
71257269.mp4,10
722620921.mp4,7
729324696_8_18.mp4,1
73060951.mp4,1
737518908_146_156.mp4,4
74147795.mp4,7
748103329.mp4,1
748491221_220_230.mp4,4
749942461_74_84.mp4,1
753444376.mp4,10
761042646_145_155.mp4,3
764639674_41_51.mp4,9
775481918.mp4,12
776358091_145_155.mp4,9
776449937.mp4,11
787361511_17_27.mp4,1
790103905.mp4,9
790494613_39_49.mp4,6
791726161.mp4,7
797546417_72_82.mp4,14
798027569_29_39.mp4,0
801303647.mp4,9
820130552.mp4,13
822833754_48_58.mp4,13
829934723_164_174.mp4,1
830345084.mp4,13
830404487.mp4,1
832794828_47_57.mp4,1
837886335.mp4,7
842701577.mp4,6
843210893_177_187.mp4,1
843371602.mp4,3
850459947.mp4,3
850808198.mp4,13
852930452_178_188.mp4,14
856436598.mp4,4
857407018_145_155.mp4,7
857984675.mp4,10
858493557_116_126.mp4,3
859506628_196_206.mp4,0
860191108.mp4,9
862528275.mp4,5
862817753.mp4,10
863068014.mp4,0
863818416.mp4,1
864289450_32_42.mp4,6
865977163.mp4,10
868096020.mp4,7
868490705.mp4,5
870106187.mp4,0
870498360.mp4,1
870573538.mp4,14
871165537.mp4,1
872048877.mp4,3
30393422.mp4,13
873006562.mp4,7
873717291_45_55.mp4,1
874379975.mp4,1
875400691.mp4,10
876477001.mp4,1
877249843.mp4,13
877523625.mp4,7
878575231.mp4,1
879303638.mp4,0
879547948.mp4,9
879817699.mp4,13
880362805.mp4,11
881951515.mp4,14
882760008.mp4,13
882929978_144_154.mp4,4
884621194.mp4,6
885365555.mp4,13
885579319.mp4,13
886339379_26_36.mp4,3
887486577.mp4,9
887501624.mp4,7
888671701.mp4,2
888739850_32_42.mp4,0
889208876.mp4,7
892779858_170_180.mp4,3
894157778.mp4,9
895265820_10_20.mp4,1
896815595_211_221.mp4,1
898839907.mp4,13
898969484_32_42.mp4,3
899865823.mp4,9
303746162.mp4,6
303771055.mp4,1
303783414.mp4,1
303922809.mp4,13
303942687.mp4,3
304037982.mp4,6
304069544.mp4,13
304078846.mp4,13
305345937.mp4,10
310524138.mp4,10
320101153.mp4,7
320717634.mp4,10
325213068.mp4,0
326999982.mp4,9
329729162.mp4,14
332385400.mp4,10
333014934.mp4,10
333157148.mp4,6
337689228.mp4,0
341676117.mp4,5
344025523.mp4,10
34623580.mp4,1
346789577.mp4,12
352065396.mp4,10
36012750.mp4,7
360909295.mp4,7
363902454.mp4,7
365340885.mp4,10
36845841.mp4,12
371042623.mp4,3
372665420.mp4,12
372815696.mp4,10
38627793.mp4,10
39321827.mp4,9
409854840.mp4,10
42484282.mp4,10
469167330_18_28.mp4,13
477019121_32_42.mp4,0
477818029_16_26.mp4,0
477818029_5_15.mp4,0
48362666.mp4,1
48575368.mp4,1
49216813.mp4,5
498827293.mp4,1
501034834.mp4,14
504537941_192_202.mp4,14
50461387.mp4,6
5051730.mp4,10
505706809_9_19.mp4,6
508659635.mp4,13
510664476.mp4,3
514132032_29_39.mp4,1
514132032_99_109.mp4,1
51488569.mp4,1
515111914.mp4,14
515340506.mp4,1
518226293.mp4,1
52378965.mp4,1
52503778.mp4,9
5258353.mp4,11
5266876.mp4,1
535778223.mp4,1
536112086.mp4,14
537167457.mp4,10
537271104.mp4,1
537451045_56_66.mp4,13
541586604.mp4,3
543121627.mp4,1
543128149.mp4,7
545297066.mp4,10
545952117.mp4,10
547837942_145_155.mp4,14
551123797_12_22.mp4,3
551123797_30_40.mp4,1
551709731.mp4,1
554809537.mp4,1
556337074.mp4,10
556558364.mp4,3
556786463.mp4,3
560572233.mp4,1
564176396.mp4,6
5642462.mp4,13
568191064_27_37.mp4,0
57351046.mp4,6
5738877.mp4,9
574253307.mp4,9
577824608.mp4,3
581001724_11_21.mp4,13
581135285.mp4,13
588848124.mp4,3
5902704.mp4,13
592129807.mp4,7
593524959.mp4,11
600413707_144_154.mp4,1
601130160.mp4,9
601676033.mp4,1
602356487.mp4,3
602442067_25_35.mp4,0
602483988_142_152.mp4,1
603115289_33_43.mp4,5
603592416.mp4,11
605741545_101_111.mp4,0
606169000_143_153.mp4,13
606999518_38_48.mp4,9
607278238.mp4,3
608289523.mp4,9
6107590.mp4,14
611465932_16_26.mp4,6
611465932_5_15.mp4,0
612927417.mp4,12
614153128.mp4,7
61686127.mp4,7
617926001_7_17.mp4,1
623849245_45_55.mp4,3
627448934.mp4,12
629457573.mp4,3
631397037_47_57.mp4,9
632496482_131_141.mp4,3
632496482_199_209.mp4,12
632568975_196_206.mp4,1
635754867_34_44.mp4,13
635754867_8_18.mp4,13
636288992.mp4,5
636781507_139_149.mp4,9
636918173.mp4,14
639669265.mp4,1
641025194_186_196.mp4,0
641803391.mp4,5
64309982.mp4,10
6492032.mp4,7
651622935.mp4,12
666643153.mp4,3
669938845_106_116.mp4,1
670254098_42_52.mp4,12
671130847.mp4,1
671288999.mp4,11
6732761.mp4,3
674641233_95_105.mp4,3
676175358.mp4,11
683965826_70_80.mp4,9
689096551.mp4,9
690153645_70_80.mp4,9
690204471_145_155.mp4,3
690204471_70_80.mp4,9
690925482.mp4,6
691373102.mp4,12
691825569_70_80.mp4,1
694085350.mp4,10
6946994.mp4,6
69482322.mp4,9
69498975.mp4,6
695585839_145_155.mp4,0
696564664_58_68.mp4,0
697070157_177_187.mp4,3
698571268.mp4,9
699205724_30_40.mp4,3
69928630.mp4,1
699517398.mp4,5
701407973.mp4,1
702870911_22_32.mp4,1
70396709.mp4,1
704471180.mp4,5
705087609_4_14.mp4,0
706186804_211_221.mp4,1
706227531.mp4,11
707345459.mp4,6
711973310_16_26.mp4,1
712265316.mp4,6
712309585.mp4,9
715079080.mp4,5
717407230_22_32.mp4,6
717586170_10_20.mp4,1
718805350_33_43.mp4,1
718805350_7_17.mp4,3
71914397.mp4,10
722887206.mp4,5
72588892.mp4,9
729324696_48_58.mp4,0
729641465.mp4,7
736167763.mp4,1
7416208.mp4,3
744247349.mp4,10
744306825_95_105.mp4,1
747948309_10_20.mp4,13
747948309_41_51.mp4,13
749414004.mp4,3
749942461_58_68.mp4,1
750939902.mp4,1
759669572.mp4,1
760912618.mp4,6
765155432_53_63.mp4,1
765155432_72_82.mp4,1
765629064.mp4,13
765713702.mp4,10
766581798.mp4,3
766591301_68_78.mp4,1
768032195_70_80.mp4,9
768223187.mp4,5
770115835.mp4,1
770499232.mp4,11
770845101.mp4,3
77267354.mp4,3
773243351_129_139.mp4,3
773924242_46_56.mp4,1
774327707.mp4,1
774378691_22_32.mp4,7
774775670.mp4,1
778582774_145_155.mp4,3
783913871_220_230.mp4,4
784648406_32_42.mp4,13
784648406_69_79.mp4,13
786476903.mp4,13
786807426.mp4,3
787361511_51_61.mp4,3
788994036_5_15.mp4,1
789843145.mp4,1
79119610.mp4,14
792710970.mp4,0
794662928_70_80.mp4,0
794987630.mp4,0
796231945_11_21.mp4,13
796231945_27_37.mp4,13
797235482_145_155.mp4,3
79748834.mp4,1
797546417_46_56.mp4,1
800413801_45_55.mp4,3
800849666_70_80.mp4,1
807122394.mp4,5
812120053.mp4,1
813210203.mp4,1
813337887_25_35.mp4,9
813428264.mp4,6
813514296_12_22.mp4,13
815032153.mp4,6
815881327.mp4,1
817822054_32_42.mp4,12
818855951.mp4,11
819154079_220_230.mp4,0
820039737_57_67.mp4,0
826153989.mp4,3
826212130_10_20.mp4,13
82722526.mp4,11
827826075.mp4,0
828058750_130_140.mp4,14
828113785.mp4,3
828364025_31_41.mp4,14
829908958.mp4,11
829923135_61_71.mp4,4
830625195.mp4,11
830715480.mp4,1
831668193.mp4,10
831876.mp4,6
832620875.mp4,11
833873906_16_26.mp4,1
836016047_59_69.mp4,5
837148190.mp4,11
837503823.mp4,10
838716540.mp4,13
839001830.mp4,11
841981499_145_155.mp4,1
843718136.mp4,13
844872838.mp4,1
845864817.mp4,13
848484606.mp4,3
848738021.mp4,10
849380467.mp4,3
850441472.mp4,10
850712126.mp4,10
851988511.mp4,7
852924390.mp4,14
853244558.mp4,1
853499607.mp4,3
853720165.mp4,7
854822864.mp4,9
854991739.mp4,10
855121784.mp4,12
855660919_11_21.mp4,0
855780574_39_49.mp4,3
856158461.mp4,3
857104142.mp4,1
857410894.mp4,1
857622450.mp4,3
857688282.mp4,13
857783106.mp4,1
858710699.mp4,3
858720824.mp4,3
858926243.mp4,10
859592443.mp4,10
860892905.mp4,10
862063858.mp4,9
862381695.mp4,13
862565823.mp4,12
862680857_157_167.mp4,3
863149037.mp4,13
863169253.mp4,6
863946914_23_33.mp4,13
864224574.mp4,1
864470780_220_230.mp4,9
864558817.mp4,3
865456576_80_90.mp4,0
867206855_47_57.mp4,3
868019225_220_230.mp4,9
868673979_22_32.mp4,1
869178884.mp4,7
869489791_145_155.mp4,1
869682146.mp4,12
869923752.mp4,13
870407356_41_51.mp4,13
870561850.mp4,12
870653292.mp4,1
870868157.mp4,0
870957188.mp4,3
870971371.mp4,14
871106242.mp4,0
871184135.mp4,1
871273898_41_51.mp4,1
871377238.mp4,0
871493696.mp4,13
871706274_71_81.mp4,13
87223749.mp4,6
872395934.mp4,10
872808790.mp4,10
872815707.mp4,2
872979960.mp4,10
872986829.mp4,3
873310341.mp4,7
873459929.mp4,6
873574846.mp4,13
873717291_20_30.mp4,1
873890800.mp4,1
874001655.mp4,5
874273086.mp4,1
8744603.mp4,6
874937798.mp4,3
874969579.mp4,10
875020414.mp4,2
875168691.mp4,3
875644481.mp4,12
875649979.mp4,3
875705468_4_14.mp4,13
875739492.mp4,1
876037195_13_23.mp4,0
876187466.mp4,3
877107361.mp4,3
877334717.mp4,5
877583516_74_84.mp4,3
877917485.mp4,14
878038920.mp4,1
878078287.mp4,3
878575545.mp4,13
878660720.mp4,13
878732672_52_62.mp4,3
878986246.mp4,14
879003911.mp4,3
879095619.mp4,3
879516906.mp4,3
879744805.mp4,7
879825155_56_66.mp4,1
880002110_96_106.mp4,6
880869158.mp4,13
881899394.mp4,3
881902836.mp4,1
882203263.mp4,13
882718107.mp4,7
882929978_218_228.mp4,0
882929978_69_79.mp4,0
882943963_103_113.mp4,13
883241555_54_64.mp4,3
883309129.mp4,3
883775405.mp4,13
884748270_152_162.mp4,14
884937937.mp4,7
885102361.mp4,13
885245494.mp4,6
885328640.mp4,14
887213280.mp4,10
887611305.mp4,2
888065475.mp4,2
888514991_25_35.mp4,5
888514991_55_65.mp4,1
888514991_85_95.mp4,6
889213666.mp4,3
890010075.mp4,0
890402646.mp4,0
890929937_18_28.mp4,1
891555421.mp4,10
891644597.mp4,12
892760815_57_67.mp4,3
89318058.mp4,11
893758840.mp4,5
893894475.mp4,13
894518711.mp4,13
894563951.mp4,9
895698686.mp4,13
895794270_40_50.mp4,13
896319825.mp4,6
896533106.mp4,13
896702363.mp4,3
896818669.mp4,0
896859690_38_48.mp4,3
896906535.mp4,3
897123691_67_77.mp4,13
897408931_220_230.mp4,13
897551456.mp4,10
897974621_70_80.mp4,3
898713711.mp4,13
898979241_23_33.mp4,13
899183470.mp4,0
899731707_220_230.mp4,3
